{
  "Rating": 2.2399999999999,
  "CustomerCountWeak": 743,
  "ReportCashBoxWeak": 16738.600000000006,
  "TrashReportWeek": {
    "Sogan": 1,
    "Kartof": 1,
    "Biber": 1
  }
}